INSERT INTO Product (name, price, description, gender, category, brand, main_image)
VALUES (
  'Tenis Nike Precision 6',
  479.99,
  'Crie espaço, pare bruscamente e domine o drible com o Nike Precision 6 FlyEase, um tenis para todos os atletas e ideal para o basquete. A tira grande no médio pé permite amarrar os cadarços e fixar o ajuste com uma mão. O design de desempenho permite que os jogadores mudem de velocidade e de direção, mantendo-se no controle e aumentando o ritmo.',
  'Masculino',
  'Tenis',
  'Nike',
  '/img/front-end/produtos/tenis/Tenis Nike Precision 6 Masculino/Nike Precision01.png'
);

INSERT INTO Product (name, price, description, gender, category, brand, main_image)
VALUES (
  'Tenis LeBron NXXT Gen',
  1299.99,
  'Seja voce um saltador do tipo enterrada ou um jogador que fica abaixo da borda vagando pela linha de base, sinta-se mais rápido, mais baixo na quadra e seguro no LeBron NXXT Gen. Nós o adaptamos especificamente para atender às demandas do ritmo acelerado do jogo, para que voce possa ficar à frente da oposição com sua velocidade e força em todas as direções.',
  'Masculino',
  'Tenis',
  'Nike',
  '/img/front-end/produtos/tenis/LeBron NXXT Gen/LeBron NXXT Gen01.png'
);

INSERT INTO Product (name, price, description, gender, category, brand, main_image)
VALUES(
  'Tenis Jordan MVP',
  999.99,
  'Nós não inventamos o remix - mas considerando o material que podemos amostrar, este é o que voce precisa. Acionamos o SP-12 e pegamos elementos do AJ6, 7 e 8, transformando-os em um calçado completamente novo que celebra o primeiro campeonato de 3 turfas de MJ. Com detalhes em couro, tecido e nobuck, esse tenis homenageia um legado enquanto incentiva voce a consolidar o seu próprio.',
  'Masculino',
  'Tenis',
  'Nike',
  '/img/front-end/produtos/tenis/Tenis Jordan MVP Masculino/Tenis Jordan MVP Masculino01.png'
);

INSERT INTO Product (name, price, description, gender, category, brand, main_image)
VALUES(
  'Tenis Nike Precision 6 FlyEase',
  679.99,
  'Crie espaço, pare bruscamente e domine o drible com o Nike Precision 6 FlyEase, um tenis para todos os atletas e ideal para o basquete. A tira grande no médio pé permite amarrar os cadarços e fixar o ajuste com uma mão. O design de desempenho permite que os jogadores mudem de velocidade e de direção, mantendo-se no controle e aumentando o ritmo.',
  'Masculino',
  'Tenis',
  'Nike',
  '/img/front-end/produtos/tenis/Tenis Nike Precision 6 FlyEase Masculino/Tenis Nike Precision 6 FlyEase Masculino01.png'
);

INSERT INTO Product (name, price, description, gender, category, brand, main_image)
VALUES (
  'Tenis Nike Air Force',
  799.99,
  'O brilho perdura no original do basquete. Combinando o conforto da quadra com um brilho casual, ele dá um toque novo ao que voce já conhece bem: Construção inspirada nos anos 80, detalhes ousados e muito estilo.',
  'Masculino',
  'Tenis',
  'Nike',
  '/img/front-end/produtos/tenis/Tenis Nike Air Force 1 ''07 Masculino/Tenis Nike Air Force01.png'
);

INSERT INTO Product (name, price, description, gender, category, brand, main_image)
VALUES (
  'Tenis Air Jordan 1 Retro High',
  999.99,
  'Familiar, mas sempre atual, o icônico Air Jordan 1 foi remasterizado para a cultura de tenis de hoje. Esta versão Retro High OG combina com couro premium, amortecimento confortável e detalhes de design clássico.',
  'Masculino',
  'Tenis',
  'Nike',
  '/img/front-end/produtos/tenis/Air Jordan 1 Retro High OG GS Lucky Green/Air Jordan 1 Retro High01.png'
);

INSERT INTO Product (name, price, description, gender, category, brand, main_image)
VALUES (
  'Tenis Nike LeBron 20',
  1299.99,
  'Duas décadas de uma carreira que supera todas as expectativas, LeBron se recusou a se contentar com nada menos do que a grandeza, mesmo quando foi ele quem estabeleceu o padrão para as próximas gerações. O LeBron 20 é mais leve, próximo ao chão e turbinado. É diferente de qualquer design que LeBron já vestiu antes - confortável e com suporte, mas com cano baixo, rápido como um relâmpago e criado para ficar à frente do estilo de jogo frenético de hoje. Esse modelo é feito com um cabedal de couro clássico, uma referencia ao impacto do Rei na cultura do calçado.',
  'Masculino',
  'Tenis',
  'Nike',
  '/img/front-end/produtos/tenis/Tenis Nike LeBron 20 Masculino/Tenis Nike LeBron 20 Masculino01.png'
);


INSERT INTO Product (name, price, description, gender, category, brand, main_image)
VALUES (
  'Tenis Nike Giannis Immortality',
  1699.99,
  'Não importa a façanha, não importa o objetivo alcançado, o Greek Freak sempre mantém seus países de origem perto de seu coração. Nós misturamos as cores azul, verde e branco das bandeiras da Nigéria e da Grécia, terras nativas de Giannis, e as colocamos neste exclusivo Giannis Immortality 3. Cuidadosamente feito para o jogo de alta velocidade e sem posição de hoje, ele é mais macio do que a iteração anterior com um padrão de tração específico que é perfeito para dar o passo perfeito do Euro a caminho da glória.',
  'Masculino',
  'Tenis',
  'Nike',
  '/img/front-end/produtos/tenis/Tenis Nike Giannis Immortality 3 Masculino/Tenis Nike Giannis Immortality 3 Masculino01.png'
);

INSERT INTO Product (name, price, description, gender, category, brand, main_image)
VALUES (
  'Camiseta Nike Brasil I',
  249.99,
  'A Coleção da Seleção Brasileira de 2022 combina a icônica estampa da onça-pintada com design inovador que mantém seu corpo seco mesmo no auge da empolgação. Uma homenagem ao Brasil e ao seu povo, esta coleção foi feita para mostrar a sua garra.',
  'Masculino',
  'Camiseta',
  'Nike',
  '/img/front-end/produtos/camisetas/Camiseta Nike Brasil I/Camiseta Nike Brasil I01.jpg'
);

INSERT INTO Product (name, price, description, gender, category, brand, main_image)
VALUES (
  'Camiseta Nike Brasil II',
  249.99,
  'A Coleção da Seleção Brasileira de 2022 combina a icônica estampa da onça-pintada com design inovador que mantém seu corpo seco mesmo no auge da empolgação. Uma homenagem ao Brasil e ao seu povo, esta coleção foi feita para mostrar a sua garra.',
  'Masculino',
  'Camiseta',
  'Nike',
  '/img/front-end/produtos/camisetas/Camiseta Nike Brasil II/Camiseta Nike Brasil II01.png'
);

INSERT INTO Product (name, price, description, gender, category, brand, main_image)
VALUES (
  'Camisa Nike Corinthians I',
  249.99,
  'O legado do Corinthians transcede as quatro linhas do jogo. Em 1983, o Corinthians conquistou o título Paulista com o compromisso de que todas as vozes fossem ouvidas, uma crença que até hoje move os corações pelo Timão.
Com detalhes que fazem referencia ao estilo icônico dos anos 80, e ao movimento Democracia Corinthiana, a nova camisa I celebra a filosofia que a torcida Corinthiana fortalece até hoje para conduzir o clube. Histórica.',
  'Masculino',
  'Camiseta',
  'Nike',
  '/img/front-end/produtos/camisetas/Camisa Nike Corinthians I/Camisa Nike Corinthians I01.png'
);

INSERT INTO Product (name, price, description, gender, category, brand, main_image)
VALUES (
  'Camisa Nike Corinthians II',
  249.99,
  'O legado do Corinthians transcede as quatro linhas do jogo. Em 1983, o Corinthians conquistou o título Paulista com o compromisso de que todas as vozes fossem ouvidas, uma crença que até hoje move os corações pelo Timão.
Com lindas listras simples e detalhes em vermelho, que lembram a camisa 2 dos anos 80, o novo uniforme resgata o passado para o presente dos feitos realizados dentro e fora de campo.
Clássica.',
  'Masculino',
  'Camiseta',
  'Nike',
  '/img/front-end/produtos/camisetas/Camisa Nike Corinthians II/Camisa Nike Corinthians II01.png'
);

INSERT INTO Product (name, price, description, gender, category, brand, main_image)
VALUES (
  'Regata NBA Golden State Warriors',
  699.99,
  'Seja para jogar sua partida de basquete ou para um lifestyle esportivo, a Regata NBA Golden State Warriors Nike Dri-Fit Masculina é a escolha para mais atitude e conforto. É confeccionada em material macio e respirável, com tecnologia que afasta suor e mantém e pele seca por mais tempo. Conta com ótimo caimento no corpo, gola V diferenciada, escudo dos Warriors em destaque e número do Curry nas costas. Mostre sua paixão pelo basquete usando essa camiseta masculina NBA junto com um tenis de basquete. Invista!',
  'Masculino',
  'Camiseta',
  'Nike',
  '/img/front-end/produtos/camisetas/Regata NBA Golden State Warriors/Regata NBA Golden State Warriors01.webp'
);

INSERT INTO Product (name, price, description, gender, category, brand, main_image)
VALUES (
  'Regata NBA Los Angeles Lakers',
  699.99,
  'Mostre sua paixão pelo basquete usando a Regata NBA Los Angeles Lakers Mitchell & Ness Jersey Masculina. Essa peça é confeccionada em material macio ao toque da pele, recorte em mesh para respirabilidade extra, logo do Lakers em destaque para autenticidade, feita pela licenciada NBA, Mitchell & Ness. Seja dentro das quadras ou no urbanwear, essa regata de basquete é a escolha para quem busca atitude e estilo nas combinações. Use com um tenis de basquete e peça já sua regata masculina NBA!',
  'Masculino',
  'Camiseta',
  'Nike',
  '/img/front-end/produtos/camisetas/Regata NBA Los Angeles Lakers/Regata NBA Los Angeles Lakers01.webp'
);

INSERT INTO Product (name, price, description, gender, category, brand, main_image)
VALUES (
  'Regata NBA Nike Memphis Grizzlies',
  699.99,
  'Mostre a sua torcida pelos Grizzlies usando a Regata NBA Nike Memphis Grizzlies Dri-Fit Morant 12 Masculina. Essa peça é confeccionada em material macio ao toque da pele, com tecnologia que afasta o suor e mantém a pele seca por mais tempo, modelagem soltinha e ótima opção para usar no dia a dia além de jogos de basquete. Com escudo em destaque para atitude nas combinações. Use com um tenis de basquete e uma calça jeans para look despojado. Peça já sua regata masculina NBA!',
  'Masculino',
  'Camiseta',
  'Nike',
  '/img/front-end/produtos/camisetas/Regata NBA Nike Memphis Grizzlies/Regata NBA Nike Memphis Grizzlies01.webp'
);

INSERT INTO Product (name, price, description, gender, category, brand, main_image)
VALUES (
  'Regata NBA Nike Denver Nuggets',
  699.99,
  'Mostre sua paixão pelo basquete dentro e fora das quadras com o Regata NBA Nike Denver Nuggets Dri-Fit Masculina. Essa regata de basquete conta com a personalização nas costas, para te inspirar nas suas jogadas com estilo e garra. Conta ainda com tecido tecnológico que afasta o suor e mantém a pele seca por mais tempo. Peça já sua regata masculina NBA e deixe sua marca!',
  'Masculino',
  'Camiseta',
  'Nike',
  '/img/front-end/produtos/camisetas/Regata NBA Nike Denver Nuggets/Regata NBA Nike Denver Nuggets01.webp'
);

INSERT INTO Users (CPF, BIRTH_DATE, EMAIL, NAME, PASSWORD, PHONE)
VALUES (
 '123.456.789.10',
'15/04/1996',
'juansouzamd@gmail.com',
'Juan Souza',
'1234',
'11973279042');

INSERT INTO Users (CPF, BIRTH_DATE, EMAIL, NAME, PASSWORD, PHONE)
VALUES (
 '999.456.789.10',
'15/04/2001',
'maria@gmail.com',
'Maria Helena',
'maria',
'119555552');

INSERT INTO ADDRESS (NEIGHBORHOOD, CEP, NUMBER, STREET, USER_ID)
VALUES (
'Jardim São Manoel',
'05871-240',
'127',
'Carlos Severo',
1);

INSERT INTO PRODUCT_IMAGE (path, name, product_id)
VALUES  ('/img/front-end/produtos/tenis/Tenis Nike Precision 6 Masculino/Nike Precision01.png', 'Tenis Nike Precision 6', 1),
       ('/img/front-end/produtos/tenis/Tenis Nike Precision 6 Masculino/Nike Precision01.png', 'Tenis Nike Precision 6', 1),
       ('/img/front-end/produtos/tenis/Tenis Nike Precision 6 Masculino/Nike Precision02.png', 'Tenis Nike Precision 6', 1),
       ('/img/front-end/produtos/tenis/Tenis Nike Precision 6 Masculino/Nike Precision03.png', 'Tenis Nike Precision 6', 1),
       ('/img/front-end/produtos/tenis/Tenis Nike Precision 6 Masculino/Nike Precision04.png', 'Tenis Nike Precision 6', 1);

INSERT INTO PRODUCT_IMAGE (path, name, product_id)
VALUES ('/img/front-end/produtos/tenis/LeBron NXXT Gen/LeBron NXXT Gen01.png', 'Tenis LeBron NXXT Gen', 2),
       ('/img/front-end/produtos/tenis/LeBron NXXT Gen/LeBron NXXT Gen01.png', 'Tenis LeBron NXXT Gen', 2),
       ('/img/front-end/produtos/tenis/LeBron NXXT Gen/LeBron NXXT Gen02.png', 'Tenis LeBron NXXT Gen', 2),
       ('/img/front-end/produtos/tenis/LeBron NXXT Gen/LeBron NXXT Gen03.png', 'Tenis LeBron NXXT Gen', 2),
       ('/img/front-end/produtos/tenis/LeBron NXXT Gen/LeBron NXXT Gen04.png', 'Tenis LeBron NXXT Gen', 2);

INSERT INTO PRODUCT_IMAGE (path, name, product_id)
VALUES ('/img/front-end/produtos/tenis/Tenis Jordan MVP Masculino/Tenis Jordan MVP Masculino01.png', 'Tenis Jordan MVP', 3),
       ('/img/front-end/produtos/tenis/Tenis Jordan MVP Masculino/Tenis Jordan MVP Masculino01.png', 'Tenis Jordan MVP', 3),
       ('/img/front-end/produtos/tenis/Tenis Jordan MVP Masculino/Tenis Jordan MVP Masculino02.png', 'Tenis Jordan MVP', 3),
       ('/img/front-end/produtos/tenis/Tenis Jordan MVP Masculino/Tenis Jordan MVP Masculino03.png', 'Tenis Jordan MVP', 3),
       ('/img/front-end/produtos/tenis/Tenis Jordan MVP Masculino/Tenis Jordan MVP Masculino04.png', 'Tenis Jordan MVP', 3);

INSERT INTO PRODUCT_IMAGE (path, name, product_id)
VALUES ('/img/front-end/produtos/tenis/Tenis Nike Precision 6 FlyEase Masculino/Tenis Nike Precision 6 FlyEase Masculino01.png', 'Tenis Nike Precision 6 FlyEase', 4),
       ('/img/front-end/produtos/tenis/Tenis Nike Precision 6 FlyEase Masculino/Tenis Nike Precision 6 FlyEase Masculino01.png', 'Tenis Nike Precision 6 FlyEase', 4),
       ('/img/front-end/produtos/tenis/Tenis Nike Precision 6 FlyEase Masculino/Tenis Nike Precision 6 FlyEase Masculino02.png', 'Tenis Nike Precision 6 FlyEase', 4),
       ('/img/front-end/produtos/tenis/Tenis Nike Precision 6 FlyEase Masculino/Tenis Nike Precision 6 FlyEase Masculino03.png', 'Tenis Nike Precision 6 FlyEase', 4),
       ('/img/front-end/produtos/tenis/Tenis Nike Precision 6 FlyEase Masculino/Tenis Nike Precision 6 FlyEase Masculino04.png', 'Tenis Nike Precision 6 FlyEase', 4);

INSERT INTO PRODUCT_IMAGE (path, name, product_id)
VALUES ('/img/front-end/produtos/tenis/Tenis Nike Air Force 1 ''07 Masculino/Tenis Nike Air Force01.png', 'Tenis Nike Air Force', 5),
       ('/img/front-end/produtos/tenis/Tenis Nike Air Force 1 ''07 Masculino/Tenis Nike Air Force01.png', 'Tenis Nike Air Force', 5),
       ('/img/front-end/produtos/tenis/Tenis Nike Air Force 1 ''07 Masculino/Tenis Nike Air Force02.png', 'Tenis Nike Air Force', 5),
       ('/img/front-end/produtos/tenis/Tenis Nike Air Force 1 ''07 Masculino/Tenis Nike Air Force03.png', 'Tenis Nike Air Force', 5),
       ('/img/front-end/produtos/tenis/Tenis Nike Air Force 1 ''07 Masculino/Tenis Nike Air Force04.png', 'Tenis Nike Air Force', 5);

INSERT INTO PRODUCT_IMAGE (path, name, product_id)
VALUES ('/img/front-end/produtos/tenis/Air Jordan 1 Retro High OG GS Lucky Green/Air Jordan 1 Retro High01.png', 'Tenis Air Jordan 1 Retro High', 6),
       ('/img/front-end/produtos/tenis/Air Jordan 1 Retro High OG GS Lucky Green/Air Jordan 1 Retro High01.png', 'Tenis Air Jordan 1 Retro High', 6),
       ('/img/front-end/produtos/tenis/Air Jordan 1 Retro High OG GS Lucky Green/Air Jordan 1 Retro High02.png', 'Tenis Air Jordan 1 Retro High', 6),
       ('/img/front-end/produtos/tenis/Air Jordan 1 Retro High OG GS Lucky Green/Air Jordan 1 Retro High03.png', 'Tenis Air Jordan 1 Retro High', 6),
       ('/img/front-end/produtos/tenis/Air Jordan 1 Retro High OG GS Lucky Green/Air Jordan 1 Retro High04.png', 'Tenis Air Jordan 1 Retro High', 6);

INSERT INTO PRODUCT_IMAGE (path, name, product_id)
VALUES ('/img/front-end/produtos/tenis/Tenis Nike LeBron 20 Masculino/Tenis Nike LeBron 20 Masculino01.png', 'Tenis Nike LeBron 20', 7),
       ('/img/front-end/produtos/tenis/Tenis Nike LeBron 20 Masculino/Tenis Nike LeBron 20 Masculino01.png', 'Tenis Nike LeBron 20', 7),
       ('/img/front-end/produtos/tenis/Tenis Nike LeBron 20 Masculino/Tenis Nike LeBron 20 Masculino02.png', 'Tenis Nike LeBron 20', 7),
       ('/img/front-end/produtos/tenis/Tenis Nike LeBron 20 Masculino/Tenis Nike LeBron 20 Masculino03.png', 'Tenis Nike LeBron 20', 7),
       ('/img/front-end/produtos/tenis/Tenis Nike LeBron 20 Masculino/Tenis Nike LeBron 20 Masculino04.png', 'Tenis Nike LeBron 20', 7);

INSERT INTO PRODUCT_IMAGE (path, name, product_id)
VALUES ('/img/front-end/produtos/tenis/Tenis Nike Giannis Immortality 3 Masculino/Tenis Nike Giannis Immortality 3 Masculino01.png', 'Tenis Nike Giannis Immortality', 8),
       ('/img/front-end/produtos/tenis/Tenis Nike Giannis Immortality 3 Masculino/Tenis Nike Giannis Immortality 3 Masculino01.png', 'Tenis Nike Giannis Immortality', 8),
       ('/img/front-end/produtos/tenis/Tenis Nike Giannis Immortality 3 Masculino/Tenis Nike Giannis Immortality 3 Masculino02.png', 'Tenis Nike Giannis Immortality', 8),
       ('/img/front-end/produtos/tenis/Tenis Nike Giannis Immortality 3 Masculino/Tenis Nike Giannis Immortality 3 Masculino03.png', 'Tenis Nike Giannis Immortality', 8),
       ('/img/front-end/produtos/tenis/Tenis Nike Giannis Immortality 3 Masculino/Tenis Nike Giannis Immortality 3 Masculino04.png', 'Tenis Nike Giannis Immortality', 8);

INSERT INTO PRODUCT_IMAGE (path, name, product_id)
VALUES ('/img/front-end/produtos/camisetas/Camiseta Nike Brasil I/Camiseta Nike Brasil I01.jpg', 'Camiseta Nike Brasil I', 9),
       ('/img/front-end/produtos/camisetas/Camiseta Nike Brasil I/Camiseta Nike Brasil I01.jpg', 'Camiseta Nike Brasil I', 9),
       ('/img/front-end/produtos/camisetas/Camiseta Nike Brasil I/Camiseta Nike Brasil I02.jpg', 'Camiseta Nike Brasil I', 9),
       ('/img/front-end/produtos/camisetas/Camiseta Nike Brasil I/Camiseta Nike Brasil I03.jpg', 'Camiseta Nike Brasil I', 9),
       ('/img/front-end/produtos/camisetas/Camiseta Nike Brasil I/Camiseta Nike Brasil I04.jpg', 'Camiseta Nike Brasil I', 9);

INSERT INTO PRODUCT_IMAGE (path, name, product_id)
VALUES ('/img/front-end/produtos/camisetas/Camiseta Nike Brasil II/Camiseta Nike Brasil II01.png', 'Camiseta Nike Brasil II', 10),
       ('/img/front-end/produtos/camisetas/Camiseta Nike Brasil II/Camiseta Nike Brasil II01.png', 'Camiseta Nike Brasil II', 10),
       ('/img/front-end/produtos/camisetas/Camiseta Nike Brasil II/Camiseta Nike Brasil II02.png', 'Camiseta Nike Brasil II', 10),
       ('/img/front-end/produtos/camisetas/Camiseta Nike Brasil II/Camiseta Nike Brasil II03.png', 'Camiseta Nike Brasil II', 10),
       ('/img/front-end/produtos/camisetas/Camiseta Nike Brasil II/Camiseta Nike Brasil II04.png', 'Camiseta Nike Brasil II', 10);

INSERT INTO PRODUCT_IMAGE (path, name, product_id)
VALUES ('/img/front-end/produtos/camisetas/Camisa Nike Corinthians I/Camisa Nike Corinthians I01.png', 'Camisa Nike Corinthians I', 11),
       ('/img/front-end/produtos/camisetas/Camisa Nike Corinthians I/Camisa Nike Corinthians I01.png', 'Camisa Nike Corinthians I', 11),
       ('/img/front-end/produtos/camisetas/Camisa Nike Corinthians I/Camisa Nike Corinthians I02.png', 'Camisa Nike Corinthians I', 11),
       ('/img/front-end/produtos/camisetas/Camisa Nike Corinthians I/Camisa Nike Corinthians I03.png', 'Camisa Nike Corinthians I', 11),
       ('/img/front-end/produtos/camisetas/Camisa Nike Corinthians I/Camisa Nike Corinthians I04.png', 'Camisa Nike Corinthians I', 11);

INSERT INTO PRODUCT_IMAGE (path, name, product_id)
VALUES ('/img/front-end/produtos/camisetas/Camisa Nike Corinthians II/Camisa Nike Corinthians II01.png', 'Camisa Nike Corinthians II', 12),
       ('/img/front-end/produtos/camisetas/Camisa Nike Corinthians II/Camisa Nike Corinthians II01.png', 'Camisa Nike Corinthians II', 12),
       ('/img/front-end/produtos/camisetas/Camisa Nike Corinthians II/Camisa Nike Corinthians II02.png', 'Camisa Nike Corinthians II', 12),
       ('/img/front-end/produtos/camisetas/Camisa Nike Corinthians II/Camisa Nike Corinthians II03.png', 'Camisa Nike Corinthians II', 12),
       ('/img/front-end/produtos/camisetas/Camisa Nike Corinthians II/Camisa Nike Corinthians II04.png', 'Camisa Nike Corinthians II', 12);

INSERT INTO PRODUCT_IMAGE (path, name, product_id)
VALUES ('/img/front-end/produtos/camisetas/Regata NBA Golden State Warriors/Regata NBA Golden State Warriors01.webp', 'Regata NBA Golden State Warriors', 13),
       ('/img/front-end/produtos/camisetas/Regata NBA Golden State Warriors/Regata NBA Golden State Warriors01.webp', 'Regata NBA Golden State Warriors', 13),
       ('/img/front-end/produtos/camisetas/Regata NBA Golden State Warriors/Regata NBA Golden State Warriors02.webp', 'Regata NBA Golden State Warriors', 13),
       ('/img/front-end/produtos/camisetas/Regata NBA Golden State Warriors/Regata NBA Golden State Warriors03.webp', 'Regata NBA Golden State Warriors', 13),
       ('/img/front-end/produtos/camisetas/Regata NBA Golden State Warriors/Regata NBA Golden State Warriors04.webp', 'Regata NBA Golden State Warriors', 13);

INSERT INTO PRODUCT_IMAGE (path, name, product_id)
VALUES ('/img/front-end/produtos/camisetas/Regata NBA Los Angeles Lakers/Regata NBA Los Angeles Lakers01.webp', 'Regata NBA Los Angeles Lakers', 14),
       ('/img/front-end/produtos/camisetas/Regata NBA Los Angeles Lakers/Regata NBA Los Angeles Lakers01.webp', 'Regata NBA Los Angeles Lakers', 14),
       ('/img/front-end/produtos/camisetas/Regata NBA Los Angeles Lakers/Regata NBA Los Angeles Lakers02.webp', 'Regata NBA Los Angeles Lakers', 14),
       ('/img/front-end/produtos/camisetas/Regata NBA Los Angeles Lakers/Regata NBA Los Angeles Lakers03.webp', 'Regata NBA Los Angeles Lakers', 14),
       ('/img/front-end/produtos/camisetas/Regata NBA Los Angeles Lakers/Regata NBA Los Angeles Lakers04.webp', 'Regata NBA Los Angeles Lakers', 14);

INSERT INTO PRODUCT_IMAGE (path, name, product_id)
VALUES ('/img/front-end/produtos/camisetas/Regata NBA Nike Memphis Grizzlies/Regata NBA Nike Memphis Grizzlies01.webp', 'Regata NBA Nike Memphis Grizzlies', 15),
       ('/img/front-end/produtos/camisetas/Regata NBA Nike Memphis Grizzlies/Regata NBA Nike Memphis Grizzlies01.webp', 'Regata NBA Nike Memphis Grizzlies', 15),
       ('/img/front-end/produtos/camisetas/Regata NBA Nike Memphis Grizzlies/Regata NBA Nike Memphis Grizzlies02.webp', 'Regata NBA Nike Memphis Grizzlies', 15),
       ('/img/front-end/produtos/camisetas/Regata NBA Nike Memphis Grizzlies/Regata NBA Nike Memphis Grizzlies03.webp', 'Regata NBA Nike Memphis Grizzlies', 15),
       ('/img/front-end/produtos/camisetas/Regata NBA Nike Memphis Grizzlies/Regata NBA Nike Memphis Grizzlies04.webp', 'Regata NBA Nike Memphis Grizzlies', 15);

INSERT INTO PRODUCT_IMAGE (path, name, product_id)
VALUES ('/img/front-end/produtos/camisetas/Regata NBA Nike Denver Nuggets/Regata NBA Nike Denver Nuggets01.webp', 'Regata NBA Nike Denver Nuggets', 16),
       ('/img/front-end/produtos/camisetas/Regata NBA Nike Denver Nuggets/Regata NBA Nike Denver Nuggets01.webp', 'Regata NBA Nike Denver Nuggets', 16),
       ('/img/front-end/produtos/camisetas/Regata NBA Nike Denver Nuggets/Regata NBA Nike Denver Nuggets02.webp', 'Regata NBA Nike Denver Nuggets', 16),
       ('/img/front-end/produtos/camisetas/Regata NBA Nike Denver Nuggets/Regata NBA Nike Denver Nuggets03.webp', 'Regata NBA Nike Denver Nuggets', 16),
       ('/img/front-end/produtos/camisetas/Regata NBA Nike Denver Nuggets/Regata NBA Nike Denver Nuggets04.webp', 'Regata NBA Nike Denver Nuggets', 16);
